0,1,2,3,4,5,6,7,8,9,10,11,12,13,14,15,16,17,18,19,20,21,22,23,24,25,26,27,28,29,30,31,32,33,34,35,36,37,38,39,40,41,42,43,44,45,46,47,48,49,50,51,52,53,54,55,56,57,58,59,60,61,62,63,64,65,66,67,68,69,70,71,72,73,74,75,76,77,78,79,80,81,82,83,84,85,86,87,88,89,90,91,92,93,94,95,96,97,98,99
0,1.0,1.0,1.0,1.0,1.0,1.0,1.0,1.0,1.0,1.0,1.0,1.0,1.0,1.0,1.0,1.0,1.0,1.0,1.0,1.0,1.0,1.0,1.0,1.0,1.0,1.0,1.0,1.0,1.0,1.0,1.0,1.0,1.0,1.0,1.0,1.0,1.0,1.0,1.0,1.0,1.0,1.0,1.0,1.0,1.0,1.0,1.0,1.0,1.0,1.0,1.0,1.0,1.0,1.0,1.0,1.0,1.0,1.0,1.0,1.0,1.0,1.0,1.0,1.0,1.0,1.0,1.0,1.0,1.0,1.0,1.0,1.0,1.0,1.0,1.0,1.0,1.0,1.0,1.0,1.0,1.0,1.0,1.0,1.0,1.0,1.0,1.0,1.0,1.0,1.0,1.0,1.0,1.0,1.0,1.0,1.0,1.0,1.0,1.0,1.0
1,1.105758349464976,0.9071675485245992,1.2110954016484534,0.976629063812584,0.8515505042865651,0.8296807798469381,0.9623209407285632,0.9798672597207273,1.1960649442475735,1.3309461601164838,1.1117909164924715,1.073332160554693,1.1196701271646008,0.9237191649671934,0.9242740322196136,0.9824157750187763,0.9115398595404572,1.0571624243283824,1.1930552446649678,0.9381660020961123,1.2465080985992898,1.1847035942420672,1.1636416222131112,1.1607504386238603,0.9176707639284858,1.00670672623169,1.1014058027825482,0.866649059813462,0.7266651504792434,0.9710175078785278,0.8965546091408609,1.0339787564264282,1.0102980674377036,1.1339333246152186,1.098932948587925,1.0838705268818998,0.9784283482043508,0.8956244435769102,1.0005859445700014,0.9172419015330785,0.8607056411427567,1.4675381968752104,1.0220826559588954,1.234992715913418,1.194506918911197,1.1802462672921463,0.9671276064892846,1.1381368684082749,1.1281109923334482,0.941411626886931,1.0126302830997238,1.1301261806108536,0.8606274711288765,1.158462184023329,1.0235097650656237,1.0214288536779734,1.1683232052809651,1.3343509641488764,1.1646017448812132,0.9363895408075373,1.0537815644155157,0.8952211520614873,1.0733165425523827,1.2075429287089154,0.9587233239334741,1.316257445165089,0.9827115060992735,1.01182654754618,1.3472835283973916,1.2153248671303973,1.0621686275065234,1.2424786727958508,1.1244787178580369,1.256452095152715,0.8344452959493447,0.8383382902016413,1.2486480598730194,1.1094178101958725,0.8695236437450926,1.1013363128070213,1.1526741914769714,0.9233049461081828,0.9126938038777228,0.9595012169869195,0.9045427216682035,0.9051866165785267,0.9294409184698942,1.1074057657354808,1.1485535263816562,0.8266136871482046,0.9589361849540117,1.1648701701647042,1.137852494377544,0.9139914353113765,0.8180020043321823,0.9629817520885127,1.1084872663111343,0.859615066920204,0.8888500309789837,1.0085151478699657
2,0.9652978491016863,1.203663663110836,1.402067244051708,1.044073178946837,0.7156839736126369,0.908879151970642,0.8045353849163248,0.9780314772903466,1.1875958372268975,1.4859065174293755,1.122227334641036,0.9249583748660115,1.315576549974874,1.1248773426463885,1.0067339869845975,1.0243587326111914,0.7739789517579975,0.9815781555406947,1.4185514661100171,0.8370241142178095,1.5067639579115255,0.9979966829531872,1.2303081640184113,1.194314603195426,0.9167503121602295,0.7926461806495857,1.012922261561852,0.8929371536444654,0.6053200903261973,1.3134887568885345,0.9241958216153411,0.9121340844024652,1.3281921631517193,1.1198255072410683,1.1401048702827719,0.9810709879178836,1.1318950223286122,0.7640567336297721,1.1015277495030986,0.8692075992037204,0.9631814758433961,1.474922094943324,1.1293272104742296,1.363754393781467,1.3225751586790868,0.8383876671623146,0.9013911307357461,1.0013728063886027,1.0913033872207847,0.958040387635962,1.1686728585885569,1.2991685448898758,0.8825999811874137,1.2995090436073866,1.1560604639351988,0.9455663287336913,1.3499684251558157,1.7389746402106667,1.2268112241788283,1.0973689699534293,1.1815427246144141,0.8275270141787215,1.1814270674415976,1.0147815768844675,1.1409830893872572,1.2815494121143731,1.1754381544476167,1.0654024534863173,1.4137480244288159,1.3480610592792512,1.1638175071932886,1.343517697598422,1.0931386069786393,1.6583025435574104,0.7844387824177967,0.7648610595252484,1.1306111707113877,1.358875511303651,1.141141949907912,1.0002293842524281,0.9884121439367481,0.964601130751051,0.6774084095973231,0.9738546141137079,0.9572052239393998,0.9112038119257985,0.8871977012966034,1.1706316984356622,1.3133774120007904,0.6793653357008128,0.9198198874940133,1.0874844943993238,1.3124072757899388,0.9000908757000722,0.8735949746682331,1.0932733594311133,1.1475116112219585,0.8756518361975563,0.9556470328694472,1.1973781480917975
3,0.954518647999889,1.527786856186141,1.8951697569382036,1.035616920054001,0.6211143397072806,1.041444353474308,1.0054233637578356,0.9829299906688473,1.120324671539156,1.7111530494764544,1.22303635432177,1.0851245958477396,1.391314179730784,1.302284019651654,1.3020328628150812,1.2271301675534634,0.6776432139283547,0.855377663768629,1.7506607374435454,0.7898226137736716,1.2661308178661863,0.7727688600716943,1.354946614528651,1.1145605301693378,0.9585463156269436,0.8018967347865446,1.0241321221228472,1.0412568406752325,0.5169272173436728,1.386258349699644,1.2119643251750691,1.0088728345692906,1.4564055872381287,1.012228503254728,1.2616261694830055,0.8837336471052926,1.3414337927629367,0.894049772296033,1.2390327786554978,0.9701844281453903,1.10131236234978,1.41407830314659,1.1409887756625614,1.5595402772176148,1.3103070248904862,0.8741097718460439,0.9220698375660384,1.266209539231704,1.0582127215618642,1.054907291935412,1.0640801601735173,1.5693178547592286,1.0230350083400543,1.1374044518881865,1.357910604631504,1.0360672383673033,1.805214593824702,1.5733108725125466,1.4350687896693703,0.9475443562570434,1.2730536958240786,0.7072959080600472,1.3816222069270512,1.1584810524707867,1.3156745204940827,1.1757185020424727,1.070129256142707,0.9190883689784415,1.620718067124367,1.3614808716155502,1.2841957976384433,1.42717121136582,1.1161795882515182,1.966188233265915,0.7326599791992144,0.7087474273033533,1.3129385459568554,1.5097269708328824,1.185463381071945,0.8557152715023133,0.9694955061684966,1.0413791583382281,0.6563006398365735,1.1958818427701112,0.8067651755115037,0.8666988863475391,1.0638693812161504,1.2258562121983991,1.3407668128894183,0.6857688485695175,0.6655143602532716,1.1639383815433053,1.3991658370632396,0.8430899569677092,0.969770450028972,1.325258675210239,1.2229578196484032,1.055160272618951,1.0801635811270496,1.2363966519562095
4,1.1182945595959382,2.047868028378544,2.1928947324008448,1.194297688862614,0.6445134038687049,1.2847051814600923,0.6927339130490953,1.1610559657558868,1.4622803568615186,1.7753164344526304,1.1830562809702923,1.1792615308405054,1.6037951719289956,1.4474892012540006,1.4929803602792737,1.2435891957139527,0.7188115233063183,0.9600408012551714,1.5628453913557248,0.9797672581666657,1.2262731662093762,0.7338251145587875,1.4038240658874517,1.199705396962182,0.8239468022630577,0.7066646870521731,0.9583567933217478,0.9197762136273908,0.617800014280113,1.4230884801699504,1.4328588872043286,0.897438292059963,1.5245618359777433,1.0453924811858473,1.331320242003689,0.6950943281142202,1.1034972027393077,0.9362700078088148,1.0012228540847867,0.8764777150049491,0.6964909324506304,1.491994261300469,1.2250387506034102,1.5578830249514573,1.2964993763735675,0.925077697784148,0.9301423368267006,1.0935659543981993,1.2922352565508004,1.0322191892665187,0.8279641309468309,1.4686273219114008,1.1550981964782132,0.8554442655396569,1.303594973534783,0.7903478041539829,1.2377956113324247,1.6307403211547244,1.298546689638493,1.083700483406155,1.1713319891106806,0.6212161480296695,1.108502925941183,1.4935323799901328,1.0813023899196805,1.1883044085408028,0.6842442137389803,1.1725075435152943,1.3668747085284019,2.0877727533746846,1.410865877156362,1.7318292750719844,1.0699352599375556,2.038770219423667,0.6585277001049881,0.5755648884247714,1.2258106683475214,1.6514837086010594,1.5182674549452762,0.9320130535053116,0.9754189731783444,0.7240722823200908,0.719161225487592,1.0522502029975098,0.9341332920742886,0.9559833534963686,1.176474094190773,1.3719974615594817,1.2802344760879734,0.6304578012410358,0.7722225851541568,0.9598944642147447,1.3435916254151299,0.7280310695561318,0.7812921900529838,1.6122055283700472,1.0906312227740773,0.8534611194201159,1.4820858081928934,1.4695873626749993
5,0.8598344717486529,1.9400156717440558,2.185536066607773,1.1768388748037522,0.6463085712648403,1.5353140539898051,0.663907382790823,1.0661078344888149,1.374907601768731,1.6794529191855818,1.160758051022959,0.9764540692088622,1.813092095535235,1.4854472640983911,1.6306886542663328,1.5089211419656132,0.6977176702667146,0.8604688336640409,1.2842429441936896,0.9067282920944388,1.1262558575870028,0.6381712425203087,1.4032411096482378,1.1069060726552655,0.9978688377569767,0.6823778499897765,1.062731159667243,1.0778830213623856,0.8475785657010148,1.6928222845226082,1.7787939086158011,0.6871966456789257,1.4743214701144942,1.1714316109296357,1.1573379888263233,1.0111969171032231,1.120573429965691,1.0065000224199305,1.1131774263150336,1.0042519633815181,0.7255353953413651,1.4796926856079518,1.2305398980248161,1.5259577994762494,1.365269721769522,1.1101373657601392,1.0907725455310844,1.1914147480584514,1.2221645576224092,1.0880969009452908,0.845747703777347,1.8154364289279559,1.4452814110432495,0.8305434666056223,1.5212566129190994,0.8790284052995678,1.2013488638288952,1.9214454182283196,1.3068468673163827,1.170459924567169,1.3592506731110878,0.7456065319101524,0.9861719319582464,1.2449251482510642,1.035749017098623,1.3079034621706693,0.6301119984131391,1.2130618329729932,1.5447186448056172,1.8727118352372443,1.2141567854399373,1.8129780622766203,1.003132074580624,2.159418294743251,0.5646637058736176,0.5333208426219183,0.726833469760295,1.3757921180436115,1.282738836964083,0.8339132283799644,1.0034633372465571,0.6663202672116197,0.7290031287330943,0.929423504990698,1.0983240344396514,0.9204262646000338,1.339481355201944,1.5636642739820004,1.5118343879866054,0.5403163567666976,0.700600579125721,1.1621444399747827,1.7459137846004977,0.7089145633316105,1.0021170997115492,1.5580338513990422,0.9545742600034662,0.8172752183250099,1.4071329535850483,1.635835759917075
6,0.8407792675863163,1.9668567757211688,1.4135802472792733,1.2221705425876717,0.6118723070232165,1.4156219094370455,0.8211798817505234,0.994861375412754,1.3071137749890525,1.5822934424675634,1.3534299312677296,1.2337203478532088,2.1239551030231696,1.3635073217021674,1.3561956503621972,1.9823018552374296,0.5535888795414806,0.8852766627253128,1.2998585862088827,0.8495087926290349,0.9658905068371413,0.5638629544823085,1.5859639566425332,1.0120949119949014,1.142361929478846,0.7280071169807455,1.1043315114913828,1.1408606794747254,0.7285153264152281,1.9294175724033822,1.7138530606476305,0.6776419279876006,1.7199960710512259,1.0680127645692725,1.1425946266282077,1.0326449665373174,1.1693122701352063,1.2160557493434736,1.180082816159427,1.2305542946316959,0.9083575040424233,1.4378060384113658,1.2742413707715992,1.7319702556790626,1.5998165225315009,1.0898982162190411,0.9621389590979766,1.339189851615162,1.6480403269832378,1.0326948884882456,0.926741983929142,1.8429610508737695,1.8931612838600511,0.6871525607667315,1.833074924390291,1.0133648929019212,1.717576137913688,1.7169250461131238,1.3721690548412744,1.0693608856254406,1.055880146933519,0.8920714680589386,1.0388051022750513,1.0416457917285613,1.3673310946320303,1.3382795973865063,0.778695894460331,1.4040062619824363,1.2811656027711593,2.1532232259591204,1.352909042588933,1.5615355977778391,1.0466422200073016,2.4335970595504763,0.7067554743093595,0.604399027578808,0.850721850438154,1.4013550166386848,1.664615680127796,0.8961894910379543,1.0890051612881566,0.739424518576764,0.9958307517898191,0.7894552374699889,1.448944336049889,1.0267732481312968,1.6281600654824093,1.8882492690327322,1.6728781923884588,0.5045642962671107,0.5654211670257279,1.006670975135237,1.7128797133137086,0.7285974095124328,1.0706350279014907,1.6229487810100591,0.9823223829869346,0.8314520264302158,1.4722490527605774,1.7322121734730436
7,0.7445803419978883,2.2660501264089996,1.2405802248000597,1.4265382357680048,0.5729974611972487,1.463654632491731,0.9440695943385594,1.0037455257453032,1.434452856927456,1.6022455825329056,1.3155368264924738,1.0422207464580202,1.7070345942985388,1.9088805647582394,1.3008682555110607,1.9495360201097383,0.5677436143861369,0.9374687621012595,1.2663898656802532,0.9009719262811653,0.9014401060368404,0.5757978258746441,1.5767844545464373,0.7816546677520532,1.2851524303823256,0.7487999695313435,1.1227966162942007,1.344628000722997,0.8778594338803538,1.6673968448884113,1.7299944842826498,0.7107343561292045,2.0277240271405166,0.9417685281245003,1.2066054842651004,1.1994521519275645,1.2773003806148957,1.1119242760874766,1.3023031398983644,1.2727642586806,0.9643380227076025,1.5515683304276129,1.2350770218747271,2.2899484212197674,1.6709370520344566,1.0689629271429604,1.0849602000368574,0.999774377244846,1.545617488148335,1.2140274037086467,0.9346512577972245,1.5173051167085472,2.246596080910919,0.6469464375248254,2.164299374917552,1.0102207082294885,1.957824234888297,1.8454759436052564,1.5333755263492688,0.9395482097470068,1.3173642374484913,0.8855508191085646,1.067134227961065,1.2645277615654305,1.5188524487029968,1.4120641268048264,0.8425397606661611,1.6651374182720946,1.4080914125494335,2.6897087250773652,1.1891451565278008,1.6298925219451306,1.0438425841664312,2.9869256011726026,0.5586008381614087,0.5939894562222866,0.7656283494664391,1.2235137361596544,1.8608458407918418,0.9358972260901812,0.9007171573270365,0.7263175326441099,1.133215753800933,0.7883411467696876,1.403898835872186,1.333976406187238,1.852003739909927,1.805446864086677,1.1782577457495937,0.3927611551083187,0.6331463124192069,1.0417654321085013,1.68097479564122,0.8339128275152526,1.2173725785963245,1.6188416875585925,0.8593390950123452,1.00980247811458,1.4811829170895445,1.9239278920644638
8,0.769955977100727,2.492575158959071,1.4960256108835162,1.6068668981991372,0.6000570721858981,1.2851446855815027,0.9308181586539418,1.0136474158226043,1.6792195682686402,1.3101905694007305,1.4601271242073532,0.9352435344404242,2.2038935355002973,1.8486182077038693,1.6600168492030447,1.915610800478657,0.6073982543325617,0.9441946461774665,1.392464500970261,1.0395760167325458,0.7406789978011216,0.5182149433666678,1.7616164872925568,0.9232143951970059,1.1404520402211324,1.0492337334297324,1.3007025877304703,1.129744516871437,0.9109372840878956,1.931702365919142,1.6807524316899882,0.6049243450090551,2.34450911175859,1.0581492661898557,0.9130962501306189,1.2084699318853005,1.3235652517230365,0.7493781268331827,1.2509352777221086,1.3724706444941097,0.9953079366945167,1.0813472045363433,1.447136500081608,3.1252422180408255,2.096500576795076,1.1954802924094448,1.0242685982661535,1.0322614682676585,1.9029853508020291,1.1394399538095137,0.891822263433847,1.5422881863720508,2.549529090433769,0.5796121974706806,2.2384826438703493,1.1543513470505613,1.8552902788979342,1.924618128094692,2.0947563177731183,1.0617476620519974,1.3942504596451828,0.8835646190383596,1.0210202842248606,1.2892803350050155,1.765775010984169,1.5481242886374873,0.8895865810796637,1.4190224220424934,1.2496743631890257,2.5614442526096752,1.326394457484344,1.8600727406245254,1.0569413800742216,3.2531315906862903,0.5766667683750404,0.7009141020869556,0.7694970955778314,1.5309244997543279,2.3141492633853824,1.0457266815099684,0.88473167746509,0.891951261452115,0.9998308316238897,0.7347587931358872,1.4255675218928554,1.2364786552776008,2.0938155494568784,2.296127232232286,1.3876589954312717,0.33873969611218196,0.5519237178606556,1.0407426739629873,1.8465695613089221,0.817585818959171,1.3384580322475654,1.8157558518565298,0.9835898103227863,0.9117882384492972,1.760484947396104,2.194441737654236
9,0.9922089608227896,2.051527251647081,1.674723225873126,1.236947610947649,0.6102058201125156,1.192827682587553,1.109446790582164,1.00656886383312,1.9638261999069473,1.4934790845613621,1.489448577227376,1.1063270470752447,2.0768766184407514,1.9657515306681577,1.3043376276623477,1.7850322408752095,0.6960477516902396,1.1586999006697047,1.6245339979218174,1.1626443583215085,0.8482001485968835,0.49525375905033714,2.0032413518679335,1.2373210612865484,1.1887179387018716,1.0571932263946562,1.475996094049348,1.268354967112651,0.8937350825978495,1.7010986271367587,1.4380447107617524,0.46022050186092844,2.691809356234774,1.2600020135404422,0.7308435272165479,0.9727214848034328,1.4027400059881014,0.609008518402779,1.2686888602251971,1.4550088826413694,0.7945234289927892,1.057857978139036,1.603320095453094,3.8064377281109367,1.779516739600688,1.0571119322734237,1.0360165052509656,1.1348449040371367,1.7611279929518804,1.3248909521200598,0.7645218346710115,1.9545548790359557,2.5682978983529297,0.6363021162601481,2.178668950149855,1.4209132582484714,1.8120537722189067,1.9054042334755785,2.184557992437781,0.9144829126759736,1.4275075691836845,0.9185988895887103,1.2609050209231996,1.333546267450586,1.8203181452021246,1.626735046933908,0.8197802215980565,1.3852107668906188,1.1673266538734601,3.0799564800988364,1.3308183339686552,2.039848711680774,0.9145396535551891,2.324656231321803,0.6188350576458694,0.5808415417866809,0.4745188533285893,1.5675622841789958,1.604571808228295,0.9865948638532513,0.8794258744138312,0.7525927933254187,1.016226038565647,0.7976447232647609,1.565173762179048,1.2555987061396257,1.9986751724346,2.3256890176690708,1.4177939229119518,0.35952791452556404,0.5993939503948487,1.0255564366602214,1.9825790102604774,0.6801826433974726,1.2128312069708098,1.7295734466404542,1.0338897225104677,1.2090161226018403,1.1787752908427964,2.398039641039173
10,1.1014001521278636,1.9892927452005142,1.8748832562141222,1.1640893339537857,0.6341291131068895,1.0783290006351136,1.4586480256158232,1.0501304734961376,2.4278170802785075,1.4072402754040716,1.6103956729889308,1.1215957326025054,2.342557460957333,1.6866170744311322,1.528158441884844,2.226075133130326,0.7308724162877709,1.1471416145662485,1.5383769425760072,1.4074939903125951,0.8094085410449785,0.4777131294296273,1.922480335040522,1.191352379788883,1.0463481219838842,1.2233212680927485,1.9078869259873252,1.1398385259921888,1.0051277150106983,1.9341617419944412,1.4015520121172997,0.4133262075424455,2.6042526042826264,1.4017133456884812,0.8826253150868137,1.1840408554124608,1.340748609990045,0.7708547570152436,1.273372827457379,1.6435298880631801,0.8998962860828962,0.8238559851744274,1.6191265453359336,4.499146183836637,1.7682921414164838,0.8980475174377207,0.9056146455547304,1.0558315785972248,1.9537659600841577,1.5163762057614294,0.9461700256182445,2.29354681388649,2.7859500568889466,0.5982505772574328,2.0615771661440134,1.201514329336752,1.5009151806042584,2.0724429392632557,2.1194338925634235,0.8149683399119051,1.4472133837522558,0.8944266296776503,1.6189451548229465,1.4180496302460284,2.0140173564697434,1.7389676619899743,0.8166375813603075,1.5558773787618416,1.5021288498377166,2.8590169664254605,1.0494692075296497,2.1556295517928876,1.132871546571155,1.9800634718486612,0.6488468185199951,0.7752848272634972,0.5461189198025052,2.109660540105245,1.6455142436062393,1.0480313272022692,1.0910775988932013,0.6711583309327579,0.9331756877873081,0.7259851980027524,1.2857354203019877,1.1547105715099957,2.5289947494725125,2.1879676608194765,1.410231371016183,0.4679760017584252,0.6314175870897245,0.7951606621387641,2.1657405944337906,0.92162198132208,1.3609434816425028,1.6364788032914857,0.8288643000506932,1.3052409806398706,1.4324178006064185,2.4506917075640784
11,1.344681474683727,1.9195932283485053,2.603314490990016,1.2794795929873983,0.9903423569966451,0.9010115439973491,1.5416528720259353,1.0731885667987473,3.119617896660029,1.5724693455987007,1.4190380634676383,1.2488847042413376,2.0635570956494753,1.7925941615557117,2.0214621552074106,2.262188811633906,0.7253226237463144,1.4626680223282802,1.3419169324675084,1.5875370367011488,0.7489518748539218,0.5210556336778593,1.6720277174605944,0.9729009333989724,1.1796648643719025,1.3394118442973098,2.01965642084301,1.1385248538293524,0.8836023125964889,1.624727533356926,1.5322600111665419,0.5114801733257929,2.8020854564631414,1.5290825139186592,0.9860418347907214,1.4183646072662608,1.3019850648363978,0.7177064609758146,1.4738485241106856,1.7867167639187729,0.9858053783853721,0.8640412406189165,1.627011539101185,5.991686998549667,2.0874989984126575,0.7345936138049287,0.7740158531352092,1.0290934644775274,1.8041819407825865,1.5218377341144556,1.3100992117394075,2.5085769920340333,3.4673757380012864,0.6495776777377168,1.871280479538943,1.2654965624951138,1.5371536079563612,2.6822747859026506,2.222529298931732,0.7014251898991994,1.4149767159115156,1.1081537445489842,1.7299119508148106,1.5356582186651344,2.0708233091899486,1.975817530548662,0.9716248837359116,1.7360048090553453,1.6580914009027883,2.633659865121239,1.095221593279205,1.840962736812849,1.0447205325501918,2.4725828672909773,0.595016973820285,1.0747971284705071,0.5280094851247207,2.5382611678392495,1.2929487847695833,1.1877900751645156,1.345480721043442,0.604429326472975,0.7942327868820486,0.8697537061625338,1.4021252259590002,1.2706871301662632,2.5510662015586,1.831571563999871,1.5554120885121803,0.4105294947976788,0.73874316244852,0.7868341416583546,2.051840890407847,1.1146714168124436,1.1512764155914774,1.3898920493407234,1.0573237161869251,1.3049198876025927,1.6012202388681849,2.2482493673208017
12,1.3632400890404364,1.416126932548731,2.8495487053272037,1.3831456489846243,0.8744882145532287,1.1125731076503895,1.604663591669194,1.232038075103719,2.378594568171183,1.6822183683596457,1.3423969265811708,1.1195722615783767,2.052536810776888,1.0149936030101872,2.16471700605049,2.0266080199315644,0.7602684285213338,1.6019374202664418,1.4009726473854818,1.5252244633199892,0.8394140505250015,0.6165368463365726,1.9272946952260663,1.1352965243862123,1.080247336569899,1.123943071298756,2.3789342475107045,1.3054259220420836,0.8838605804085479,1.449203602359751,1.4420397643629523,0.41008378622716024,3.280495824150912,1.2669308714646066,1.0180575839204997,1.7644320484340121,1.4424354985779972,0.8615404737880669,1.0480333252831344,2.272046917127858,1.1845033133517315,0.9394373369257857,1.7011555850583513,4.23053976531626,1.948267226935541,0.9005415259481465,0.8148054962699853,0.9710574713334613,1.9777037581462242,1.7099288972167228,1.025906866063474,2.960301889231933,4.370198212170943,0.45977134792676577,2.1302717407457727,1.133816210139872,1.6182345729955476,3.2308099562264587,2.393512588347616,0.7176622023122193,1.6450648964268944,0.9687096018349549,1.9819713841735882,1.4432756578515629,1.6836543782755817,2.0582457977509985,0.8654846605447581,1.7876452615755112,1.6119984823235056,2.8457328350173796,0.9715725864878991,1.786900757425605,0.8434837109255284,2.6010761365477295,0.5720115761137489,1.0786096759812744,0.5171625216394662,1.9596018768358152,1.2516042425899012,1.214525669536555,1.454956015799631,0.6864471788713495,0.761827560407942,1.1026436032647553,1.3307122939130271,1.4337094601873763,2.6493042415949537,1.6218669980686073,2.0614503032620166,0.3555506269617905,0.7258647028245532,0.8200152781129911,1.7304786988516376,1.1794636787186532,1.2447850732858403,1.8843574193904757,1.1325652898615761,1.1880837760609542,1.344920178732846,2.867260102302753
13,1.3041134413505056,1.486128743053929,3.304071355129329,1.5803979148512186,0.8471890116183919,1.2893527458561893,1.6610230900941019,1.1869855656857606,2.4223563975559856,1.6048078736633609,1.3475455106041219,0.9402342989141002,2.1799906083997684,1.1592507188282548,2.4159538236370928,1.8777880236885516,0.8507994246306555,1.3422221846921947,1.3103169183563348,1.7063187376175555,1.0118277094565935,0.5867087629735565,1.9916186997252852,1.4027825745962053,1.338706965523389,1.3230397492318684,2.5970420130376928,1.3936598855307376,0.9364640202634726,1.0578135497542696,1.512216163766496,0.4120001512801016,4.260437244199323,1.3814162308224553,1.2152073683459639,1.722557631713571,1.5331821843886415,1.0008347307694874,0.867589929573156,2.3495110141729847,1.2371095730162414,0.7245240531681391,1.6468338527535646,4.77107463431923,2.0116698202516825,0.8995472534966913,0.8968674291414507,1.2018203303709363,2.2261099915226055,1.5985872226487587,0.9059881531095061,3.5285504581460576,6.186082864210432,0.5510319964373764,2.254035244726076,1.2769108039304418,1.3455517004153978,3.0409302800300524,2.8905074479167374,0.6872946898292692,1.7131261384540233,1.0896995795961997,2.440627826553294,1.5973439099851081,1.8984767929776567,1.9907963699078022,0.9662135391432668,1.9340896824270182,1.910855231732831,2.60217207761747,1.1553974384733932,2.188956995038239,0.7797841163196159,2.0430425566909065,0.5578458507145864,1.370405770624988,0.6782151406203067,1.7789704938038748,1.2289916845555755,1.3815149430060445,1.423010000312457,0.744372100595037,0.652113376263364,1.2483401182662701,1.4449172962934769,1.1610193320796889,3.1211468866150196,1.8985314366934851,2.16004744212201,0.25370840200064265,0.7695390731814098,0.7492080817970506,1.5929149397089382,1.2608260134247107,1.0451031930277357,1.860797876146533,0.9534723658152434,1.4137365594050602,1.3476387079206424,1.7152212159310571
14,1.3807109151403754,1.2210809769406354,3.5026191617443705,1.4887160347177597,1.0024232030060327,1.3578237007996112,1.4805076129825097,1.1706695460699341,2.6395855501471335,1.751400925459921,1.5574431656038392,0.9821703815472934,2.429936274653792,1.4661426177931782,3.0530079632544336,1.6099743730941982,0.8850196043640712,1.5471674853911677,1.667617410812787,1.9615115947191204,1.2975529737245532,0.6077757343533805,1.9872842452278432,1.4336776931262185,1.4343850322080975,1.2317647080183707,3.071691140315713,1.6878726182002621,1.0350016392770336,1.2832166739441244,1.8183942524492982,0.44086089908800086,3.9887239306684803,1.3205235162261346,1.2606029271919275,1.848898487104299,1.7770128584026155,1.3159928769251694,0.907391709030052,2.0901078160253737,1.4607346967224009,0.732357838958586,1.303777317251706,5.434495837045625,2.172447240037575,0.750786315686774,1.0456088390462723,1.0622536936292648,2.8053594863264664,1.659790663366191,0.9564632158185336,3.831978394777714,6.05511592219388,0.47167900411663755,2.4920878581777997,1.2986287902342146,1.2545542757633275,1.8967311052661078,3.666202089802871,0.8080742273384116,1.5720726460357903,1.4254393076609986,2.5828092124019038,1.3684544517347899,1.6670484014092153,2.2025401275996632,0.9426991149346775,1.7657347348507313,2.4255010433184347,2.3214428155178033,0.9154295544770805,2.483958117359085,0.6200248635844796,1.7343053940082596,0.6125460196863638,1.713540017220833,0.686221541391715,2.1067909211999303,1.3765686388325156,1.3651965223247442,1.3481868037032423,0.660463111251561,0.5694793972031376,1.1557243437678597,1.7926856833487346,1.1817088212171916,2.628835726533563,2.2277724537374373,1.9838253288595906,0.2740107211602503,0.8967704647837497,0.8867069110568364,1.2980560029470318,1.1384121438765857,1.0720733113102665,2.042769146676218,0.8228289509701473,1.5876191462892348,1.4157348147086797,2.6390196090750333
15,1.382289320196164,1.0733821508989452,3.71075995247028,0.8877945185843598,0.8566911338408036,1.3224221540704204,1.6836422863875733,0.8689007326871837,2.793999569093717,1.2861753418164024,1.5614602241565798,0.9705128473143126,2.536812507533824,1.201378853894642,2.890530504072971,1.318144039430861,0.9744758152006203,1.1150547192924778,1.861907810598509,1.6001944647377815,1.3411477590543424,0.5690545579381279,2.045807909664281,1.324725893321223,1.5375004387751665,1.1461364418673303,2.882909660686039,1.7507863617459154,0.995325685004966,1.3799649633129085,1.9867681633723577,0.49176010529776354,5.033714545490717,1.346405509650667,1.056751294858036,1.7917658697786212,2.0128553730934726,1.845340790521406,1.0175920977395738,2.270956498256054,1.0770471547515272,0.658012756087758,1.3854211650961064,5.73251384349775,2.8063943064888766,0.9159962630269457,0.9917029159932238,0.9220902841341949,2.897403183462245,1.861720655699635,0.9402949308634437,4.167719171183781,6.6664802522702145,0.4187419778371452,2.251413204560111,0.880225048395415,1.423433239181275,2.0382961647439024,3.885581871065947,1.0180437379661613,1.8048529576382388,1.4116117332316933,3.078058540907212,1.937835032455635,1.7200862771065295,2.7074019319984575,1.0631446865879786,2.0306122354573533,2.983269673685271,2.7826212784090285,0.9799897998429533,2.4833339443896745,0.5689151978036068,2.1563063192633574,0.5843455488244877,1.716885235745712,0.7361519893843353,2.088136112104479,1.3162940396486629,1.3957386731536667,1.2868747323876164,0.5763251603225297,0.6286968462061343,1.5949586235389943,2.3296551657952573,1.1888702303138123,2.625985016429161,1.9649845511328996,2.606048996819684,0.28528538859727504,0.6815407983514884,0.9521919711566804,1.0972605621233709,1.0273378194118472,1.182803716524083,2.02573568698412,1.0388314456914354,1.5729145947130374,1.434787615724634,3.3490447277213713
16,1.5211781031040368,0.8326684568585648,5.096645360962526,0.9434400733566952,1.1054942722589545,1.3932806056683527,1.764698794034087,1.1220209854161318,3.352490681107311,1.450838616971938,1.907650319390077,0.8308183140340288,2.0425812516980004,1.4480638779729218,3.5320458352690265,1.5259057013267472,1.277009908139731,1.0649817744554073,1.8960071894272326,1.8373750021606352,0.9055632921541763,0.5489914592204388,2.2318214098058857,1.3005000588581814,1.5566329384641846,1.3980370452340434,2.242179522514289,1.6946386383849923,0.9466954988015197,1.3044748796906687,1.9773845977840854,0.5990088910002912,4.950162003198308,1.51084227386253,0.8680832011179908,2.27642605325736,2.5806736206178194,1.623352813753664,1.009807846479272,2.3930948237863165,0.8835254923689442,0.8700243065833966,1.0527774674029902,6.5206145481840885,3.2695418433433976,1.083692499257581,1.1828503794764058,1.0618802391970694,3.264907742106684,2.5075285062810955,0.958502917162897,3.1309279504724863,8.728458462530565,0.4297465878085512,1.5713531890681507,1.0120423363155029,1.2296320502523916,2.3161678023606713,4.443214769290105,0.9936763047395274,2.0531954274025828,1.6366302217423805,2.8333499616054327,2.1359732995112193,1.7183437197438765,2.374701446917479,1.1107261326265851,2.022885492596761,3.489440478831244,3.1855182160189472,0.9821858761634517,2.729418357911134,0.7286360330378369,2.3150988375583017,0.6829087461330635,1.7243133781777622,0.6253553145307501,2.4304914839193934,1.5271569825302473,1.216145446943307,1.226733292300869,0.5786851082142648,0.7331398642229056,1.6715809479234631,2.3482690058205686,1.0963138351817316,2.949909593895007,1.345077864043302,2.753362369198347,0.3496011239390404,0.8177519735945064,0.9692599661561894,0.8618392199354068,1.0629258985725705,1.0581072506164513,2.4049078157523134,0.9376620194081922,1.2148923600200174,1.7347199595952532,3.2626115482504208
17,2.244298254081945,0.9567103753692129,5.573080138768864,1.1201687750934048,1.0739779526353346,1.425418861524102,1.8259978994995512,1.237832768989985,3.5206842922017416,1.1046844924419008,2.171161009662643,0.8690288938476762,2.2139033227551517,1.2405438332403573,3.9846842512830096,1.7991232020113699,1.3993303149630303,1.200068239099426,2.1299015201170137,2.12950399680679,0.7946783761876834,0.5767885827346498,1.9963396229319954,1.5600448865259489,1.5399398625578224,1.2252435974021911,2.687597074205477,1.7872534977458654,1.0260904439237934,0.9394406657943245,1.8583428275388865,0.5724406021783428,5.154893121281696,1.472061607974473,0.636598842060361,1.814539691063921,2.186510910002422,1.60797276879739,1.09280313445038,3.433230773160421,0.6026783149598054,0.7591110968073475,1.0326145667414819,6.694223007150315,3.1714258084446016,1.1625445520119917,1.2261681185711557,1.104300641452024,1.8683610860224924,2.4157176643372305,0.9661230811248157,2.829188558771842,10.174248014012905,0.45275354705216003,1.2345427130704394,1.178757718464338,1.1190497799878552,2.387349796474218,5.269006596951495,1.094323472743496,1.50955510150009,1.838782964031439,3.3274181551702036,2.376207451680381,1.87500131077883,2.4609149058773956,1.2002194020637234,1.8804135554775514,3.973203076173007,3.075717741512295,0.7499567710467774,3.837126487384537,0.755180225152818,2.283108789279885,0.7821033153215274,1.833333878453445,0.5697507733664428,2.919145994496145,1.6125828180834432,1.1546154854866397,1.4049119368585303,0.6573258050567108,0.6147931904441574,1.5287349617722825,2.126353481563315,1.105947253721426,2.9216824744824397,1.6043219305634278,3.4706281053519423,0.4021417041216044,0.6944553317485017,1.195876270741579,1.1092089614827714,0.9397339968017805,1.004780581468947,2.784571532681496,1.0625324662988398,1.1619670830314828,1.5460468302067896,3.007364328044465
18,1.6968662600775057,0.9864281753275864,5.303610024327748,1.2112671085525073,0.8764222518006489,1.2299649918182116,1.6118141579052154,1.0229507816098227,3.330878400372931,1.005808307242407,1.7921629866766118,0.846104400888289,1.8642158329526832,1.2050284834430252,3.6004658113358667,1.68037657233761,1.377068614075953,1.351126006696782,2.0774853133225055,2.3146870472778747,1.016252601045041,0.7938801107839633,1.9306201778903542,1.9304459469636959,1.2891401448784696,1.2173631687989723,2.054705211538052,1.5424561166889006,1.082273230316231,1.167613528378809,2.2515055957111194,0.7679486064802422,5.323756883283032,1.3000807694872516,0.5694661873605407,1.927682197669082,2.399800510505684,1.5901012620347015,1.217545336247564,4.024354853436236,0.7286112074340534,0.6782372036284682,1.2108682031802047,7.994010503801833,3.353928222795856,1.1295467124279501,1.5514392649049866,1.180309088960328,2.1501369868363276,2.6225255393161313,1.0970307423404715,3.078610053950353,9.642458146172272,0.4659310686097751,1.2733993773028396,1.1935200271064195,1.0708248400197329,2.3505436961935433,6.253103484614373,1.3423606299335575,1.4533075413226175,2.475918755803245,3.065260174704341,2.4187686668818387,1.603123505058034,3.0229370375520217,1.28572219368205,2.3322386480665456,3.0809645009677467,3.42498925833996,0.8375143690629265,3.771541031174795,0.7967863399928325,1.8939717439395622,0.8960352373226887,1.6079668847962585,0.49641449636619067,3.0009955624656772,1.7440103245405452,1.1044171093331239,1.3974561545367699,0.8612965655592811,0.7138247576593224,1.7567190855844994,2.350615781542835,1.2462157443314479,2.762537832253994,1.67839702905268,4.133556307588384,0.3731926173232702,0.8421504400719834,1.0914519034257133,1.0833322568323909,1.2846319789286575,0.9947805986305918,3.5874556733417955,1.1534319767646586,1.2703638070157701,1.8798395193315203,3.160652064602838
19,2.068932938385002,1.1134259045276325,7.85728943936586,1.2069822586925807,0.7215985590717027,1.425787563731144,1.8794130526281805,1.0678082607667134,2.938043672497304,1.285706946898433,1.6847451254479995,0.8800748460806215,1.9923705074540323,1.3070428452210268,2.7097162573094167,2.1928874274781154,1.786805628346008,1.2340038888170128,2.3808551380388807,2.207544546051354,1.1043017996606461,1.0164491518298775,1.8531744949583169,2.782882456217875,1.5171591946349476,1.2931241852145983,1.6552446955092548,1.589184602212684,1.1793489934221013,1.3849039013844493,2.43541038875549,0.8998894580462521,6.1308611278132235,1.5398651782707977,0.5690633633689944,1.9324348992838853,3.1350387027216295,1.8179294155205326,1.1463956841070506,4.596141773672547,0.937631070402938,0.6169609304424429,1.498842787769453,8.74966208872309,2.9874552748349195,0.846479693827834,1.573588176284083,1.239356907522486,2.0294521695673726,1.6320712707518878,0.9831959774218224,2.470458199922419,8.594761506974848,0.4261911818066831,1.1155962157107242,1.5362199518038124,1.3104734383082344,2.675333203691147,5.621997240687764,1.2842835541581703,1.4819610036895792,2.3406727552508038,3.6693112943317527,2.274881223199451,1.9814410397491142,3.4850582948065996,1.3046087378168512,2.6347225170440898,3.1226033237184567,2.8251307331867803,0.7140475073072303,4.520534234731847,0.9033137068417239,1.397663674430311,1.0028873800251608,1.5454458352376477,0.3888879495935263,3.255073234022168,1.622328493675659,1.1151837575459238,1.388908849479253,0.9563112019236487,0.6889424661063454,2.0785937531434246,2.478973249479594,1.2496647463740889,2.6427038685123168,1.2760547616140432,4.459887877151485,0.29726102404014243,0.8146450240808295,1.1510945905433454,1.0381209763526233,1.147915296151347,1.0188187721762976,3.568340481698861,1.292900971541604,1.0685274947545251,2.246464062183277,3.4471146387064393
20,2.0792536259040864,1.3278729817132324,5.431500392980499,1.4475691288380452,0.6507980341905787,1.7415032221611482,1.926177847513784,1.2244179903572958,2.646185077419815,1.2115344884265555,2.0080896518206015,1.0476054345343921,2.1254269222352464,1.4120375618049672,2.472301833442999,1.7387374796270598,1.9294336808697727,1.519838104540203,2.3094449147385725,2.5033971552524537,1.1572670263229092,0.8860026271633533,1.7544420755432835,2.4577125195302387,1.6290207536232775,1.4503557238420506,1.747229388294695,1.2642120464697122,1.2352803204192302,1.2300130210083182,2.7467382247408487,0.8547219811899436,4.852896926485472,1.526389196176646,0.5822876213364079,2.0579519098403853,3.024398675440619,2.0122048633689795,1.0812780512592015,6.081998347157611,0.9109787905743345,0.47436078562700573,1.467467143033715,11.627096706234104,3.239598609315665,0.7080592185772263,1.4256702467707585,1.270405619850912,1.920493837406162,1.8816475924069183,0.9764584469591225,2.605747418282203,9.413666045116127,0.45091985485147584,1.2086163187512962,2.0354254630009727,1.3230837321796394,2.6623621929690517,6.776860175862516,1.3884591612346333,1.5239674372592757,2.4287150786109515,3.716444647069838,2.2114275447896268,1.9937189505475366,3.1433349888925006,1.1324216019818745,3.1377827862965315,3.1288687064201413,3.297418840021172,0.6966491248557103,3.6815503901912785,0.9593310663037802,1.5888688617796765,1.1455619936965007,1.7182721845629212,0.43421131724758905,3.7272561020395165,1.7911072381649198,1.2125191360904266,1.7031982905852756,0.8486985422738752,0.5975316729527618,1.6560563276109674,2.949304060637284,1.1445477013636116,2.9766936252983984,1.3972267636979687,4.773955290333212,0.43702309587444915,1.0569136131996093,1.0826494899731638,1.3732616506376463,1.2399730773803868,1.0258858380312905,3.3871996161392524,1.342477962504819,0.9046982725575181,2.0273098117327484,3.315825346565855
21,1.709877929627363,1.16193984835367,5.588182241189324,1.4560179282506496,0.698507296241728,1.486744061845942,1.9009172248357735,1.1502095921291413,3.085801743033977,1.215186275204325,2.6335516035356066,1.0962422842475874,2.356310920704054,1.2977917047975882,2.873119432516144,1.536135366709688,2.1432928356975802,1.3765885140564988,2.6237485704554406,2.3236360345741858,1.3141746826307048,0.8842965461930411,1.4440093207450255,2.7636772649046857,1.1950164156317555,1.461136809709527,2.337392210070274,1.0233778242425047,1.4299156915072135,1.2845079834325361,2.760081584895876,0.8186939314975862,4.069312582913766,1.781777806389207,0.6510524442190686,2.2481915107103534,2.5356298356089297,2.151992617807435,1.1236101209255414,6.5891544919096825,1.2667415648107134,0.5830129905757608,1.6570972112737528,11.848603487206773,2.1336600135873174,0.7256778871426458,1.4440241668398428,1.235588417081781,1.8481268607721912,2.3546735833748573,1.1062154821597248,3.4970443433741374,8.839553309876257,0.4052757587063376,1.5285947211948223,1.9033641248369488,1.3607387571409486,2.377128530810966,6.245883801482503,1.264125617819507,1.7829039504936104,2.682892773474598,3.797351690764588,2.3263945289805275,1.856172131268221,2.757566410194576,1.1349755016932388,3.04503024991843,2.8752173942096357,3.139304144419134,0.7703979482858012,4.024063865455828,1.1943212034909652,1.2372413920617453,1.4904212528163459,1.5424369176043036,0.3833221492647807,4.333838750624685,1.4629217109769606,1.4794923902435033,1.949714677935929,0.5215519743042583,0.5420767992516615,1.9175951118431929,2.9116072981831804,1.2711951508500043,3.190132574575278,1.4688113115739896,5.614099701208738,0.49616900596326424,1.3629837063563008,1.1079432620182594,1.2435397758445008,1.5253525218940212,1.056231704191542,3.5874567390056193,1.39750269437195,0.9529689491619245,2.0695310662269226,3.2535743302840805
22,1.5055672884363913,1.3825113918611434,5.993198591146999,1.971042526579156,0.6658149572828733,1.553323163987257,2.0434142450666206,1.24761855305966,3.5344725025577204,1.3826030809635454,3.006766074556379,1.0309071948675037,2.277153556145826,1.5776665046227067,2.56938011897264,1.4471472331253306,2.3404186718104585,1.505842320305856,2.7738762752881834,2.3134055174291652,1.153807781668554,0.8606227018157218,1.479879858134072,3.139636977188757,0.9575801565267129,1.5706480586389684,3.0399985113600425,1.0333130415018759,1.7611879613156374,1.3699978135228499,2.9490168275914503,0.870217574140808,3.40617707308538,1.508246478279244,0.7310934857345721,2.3559510372906343,2.172910260857299,2.4052856437600645,1.33689509626919,8.252850174143704,1.2792022552339113,0.6380429197773725,1.7840898270428278,11.723335893784991,2.0326337732849233,0.7865538350512504,1.0605378770125349,1.4559844709967282,2.1552238915229616,2.302359278466502,1.0371899588822522,3.217311459063604,8.622012979736017,0.41868426648529816,1.6162118043892475,2.2107464624803788,1.312398351751466,2.598253584954774,7.371905862379912,1.4380062982652393,1.220244120432302,2.7883356387868723,4.7629467894793285,2.8519300819688937,1.9257892306548419,3.194060037844743,0.9441022582294025,3.095462367005977,3.0873175524777476,3.5515980626563497,0.7420025266698597,4.249348581361048,1.1496328575755541,1.290509285182373,1.562548775561377,1.4884557450277511,0.4075312601299607,3.865388164823172,1.5425092085822483,1.4941295406900106,1.8903428781879683,0.5178113868505521,0.47823779273740363,1.8813837452862041,4.121097201009861,1.5269078789368342,2.8025412223057473,1.661656925794289,6.142309270349533,0.4773342337974545,1.3569529453366884,0.9719182442918344,1.4739770411896003,1.4762251334863996,1.3074565510267802,3.422170649030294,1.2972175577132503,0.9385927323648809,2.0159537118773194,4.683474387256766
23,1.557798741125974,1.5850616834438302,5.291928007583485,2.4980190965206424,0.6497019269860618,1.3979333797876627,1.9990659774678445,1.7881718603775172,3.789700320277753,1.6998206536294158,2.3783974154069036,1.0289090591663408,1.9325847203921551,1.8585686545252074,2.900818239316605,1.3861810333728366,2.1400760016920306,1.597660401702404,2.6964363205190116,2.321233831375374,1.2272867894395108,0.7837582886616435,1.5382948773426395,2.513820417433231,1.3294442272940181,1.6789516339741892,3.4414747538629533,1.2007590564358137,1.7789116814897181,1.4063221860342447,2.4608849394458243,0.9587720350936321,3.9157733895536873,1.675528194006463,0.8708418235006158,2.749983117271573,2.350236683282471,2.3271514571252174,1.6415879499165882,9.551501755233124,1.3647497611495556,0.645678166743402,2.057838073359636,12.789694565156006,2.7297314807309894,0.8158862185612376,1.1547259250656947,1.552894300867015,2.20464389471794,1.9951986814451983,1.324447400883251,3.2428594393472623,6.856881490648652,0.3254636952938112,1.8946845654527134,2.0564483781603355,1.295497531845655,2.4484874989352186,8.91752929516905,1.6037492051586284,1.1318756567400226,3.0266545239129576,4.029749999332887,2.6888953545694525,1.7725669578298642,2.698497490844632,0.9303562498823684,3.010519619236083,3.1674850990578545,3.7990134506722515,0.8511689124923904,5.173240464410459,1.2540499402337957,1.1575713239334207,1.6164801006866933,1.654412009567971,0.3769752693763124,4.81751883212859,1.6662691880669713,1.4891861308763379,1.700735679049217,0.5179007689659009,0.46753255244584385,2.0244628544623144,4.060212762259948,1.2591185952314823,3.177548263472643,1.6276177590281289,7.542109526444703,0.5244960042709232,1.5790713516209336,0.753408792825199,1.8817420664951385,1.675210711183179,1.2992931752087662,4.747149560262399,1.3564224891516221,0.9096935323484799,2.1376776800988195,4.196157120690317
24,1.2047705578151167,1.6461566361787083,5.941004020015542,2.473250544879365,0.7249408055963574,1.473976086742419,2.110838736531243,1.811623983397817,4.253021135705777,2.261815845434467,2.0919106620258074,1.1111499084082517,1.4691132399916493,1.497779212587138,2.86340929730399,1.2540131648159296,1.7242173019377316,1.2576828568523564,2.566509083638655,2.3077950910982103,1.1927662535784118,0.6637781757977931,1.332991128914428,2.0098008097245192,1.3234827447771567,1.4936036253293032,3.2951513833193,1.4396907833480859,1.7777062488816548,1.6198086535060572,2.4279478688824527,1.1697189182130854,2.968576966547517,1.4990999196039023,0.7731607599241431,2.681960427564877,2.1954948329164803,2.0120537018390117,2.224636938307139,9.54596450924267,1.3093303691229905,0.8602580638057842,2.180069504658318,13.080967337832236,2.157475775077419,0.6339793569560305,1.3596795499075032,1.8721899358450973,2.2830658790606764,2.2668747035243375,1.3322892327151525,3.236006118947768,6.057559622589004,0.3206219297982521,1.64132501522363,1.4446446767858998,1.1599116789285742,1.8619433950759294,8.705658300026622,1.680860293664808,1.5274066258934806,3.0061303430811726,4.10286350234282,2.550013924788906,1.850327447200428,2.5201247315746294,0.9370998613783466,2.990751414441487,3.656437026450205,4.232184475043343,0.9605308225236467,4.976542503971327,1.5035293254167146,1.0869658847173669,1.541933959038058,1.3980340759549692,0.33804879713603103,5.12868195991753,1.8206994652366995,1.4859867418991664,1.607103802594797,0.522581233071841,0.45843408466784424,1.7682410839635605,4.369168158564118,1.1819798746044332,3.9332170066908407,2.154813474024228,7.713042012267153,0.5665114266200395,1.7065334948454374,0.7669321936944076,2.1699665318465944,2.0630552617942057,1.1793958186276494,5.326145248165349,1.2536006916276121,0.981418522549437,1.904613515748616,3.488113310117357
25,1.670489040021801,1.836742327288183,5.418362703406957,2.9686041772775846,0.8262925049354372,1.442077998883497,2.3861554627965815,2.025075326550996,4.601610633302076,1.8556813025234922,2.1116014241544865,1.2193472480096295,1.7785218766330857,1.853938630263854,3.8905553521756486,0.9070429282776237,2.202812198037455,1.3367827255607798,2.4968216098771343,2.273041138498521,1.2845850079714052,0.8707098191013263,1.5172707172348163,2.37622500175255,1.2347532986023735,1.557794708305292,3.213680924352226,1.360708426729481,2.3679831180704602,1.7530086657677642,2.796700695118695,1.2871603696528437,2.953239555232192,1.7449362883415964,0.8769415707517169,2.596110094873307,2.287231724069738,2.437790540615381,2.202964307440454,12.446544387869848,1.6770438834044772,0.85167268961086,1.9218648852481328,15.24509254982413,1.771492310495517,0.5649968362349087,1.8256212744995377,2.621754564364811,1.7620003493340501,2.1431560575638513,1.2491018540919,3.3026658279935064,5.975970740186197,0.3269497013569174,1.682778212095896,1.3050896032075354,1.5421573923937393,1.9750203132948276,6.596243162583996,2.024573175229018,1.8324102640291404,3.0537401497554115,4.057401595122485,2.4381975715498125,2.0180872331983983,3.172570869443717,1.0345262455561033,2.8340617527851957,2.945003339435398,5.084385302111666,0.8792534754397567,5.527873072089185,1.9352486618520452,1.0252554655866168,1.6415086943076107,1.5767708828755904,0.2705979260298826,3.616809239577163,1.4852690543560372,0.9371301265115642,1.48406458444419,0.5407118639899283,0.4221854829031492,1.5937558391800786,4.357095492933631,1.0790426382627314,3.659141260439756,1.4285166812318215,9.468029772874662,0.7133993363138417,1.5966747848075755,0.7553365077843628,2.2959566264232882,2.778846020429768,1.2574855645721528,5.190455657988099,1.5843637475564405,0.9250640721321295,1.493923829692562,2.5131745716120366
26,1.5118203761626736,2.0876213767078955,6.4805540576191705,2.844004048555511,0.759484840949432,0.9875061842827437,2.0852468296224584,2.1554146123700435,5.4721297448146755,2.280378472434599,2.17131217165293,1.0247021933515257,2.096305066787999,1.792395516828163,4.6908026677858885,1.070121608716768,2.4874975681498377,1.3784778986880024,2.2148787653902082,2.5752135117291877,1.2561245025082706,0.8972531760719815,1.5667432919140714,2.723706454400866,1.2801007733848953,1.6586938131580453,3.5757523800606634,0.8092154677358496,2.967086815382554,2.2151828032050336,3.1703548766133594,1.2131097721260575,3.4555944200847972,1.2804256689791174,1.2262582336204637,2.4068060439984422,2.3447870281571115,2.381493540317538,1.9788355402019884,10.519694693600194,2.017359059742327,0.8800437800618697,2.230340001485766,16.369059145664146,1.5911286952252763,0.4808958187680892,1.6276707663596104,2.9939191684648567,2.1921766915980845,2.210678760072291,1.1518931548718487,3.222818569425922,5.97779176189809,0.3987063284482081,1.482470715227759,1.3461389564510893,1.9642939771248402,1.7029962199426596,6.183455938542839,1.9263618453864622,1.945430441038106,3.3194852344315744,4.545375944372244,2.6674649319914283,2.430918139674602,3.736945384333181,1.154537610573693,2.828051491103439,2.5522321764571356,5.999638642613598,1.0007273152892135,6.259739243948947,1.847138240767645,0.9876531876609002,1.56577127941315,1.9195928003810145,0.27977161433633424,3.592992981539259,1.8695309521306496,1.1839092475538835,1.6217515337615989,0.5451407906116894,0.4534067315260345,1.346567230253604,4.919041101103566,1.0188156839053684,3.3634687353452204,1.474168588945305,11.10433283583253,0.660161110682471,1.7469657747659477,0.7935054628949882,2.480747230993292,3.2804891317405374,1.5153314384544374,4.999420153479349,1.8817609201134853,1.0511366464434597,1.4840852434413612,2.9714731495012257
27,1.4778802899864059,2.055176155148598,6.5666786080644535,2.549392773872565,0.792893448043225,1.14558281121026,1.9628001580826298,3.4132246043478083,6.488209935408281,2.2683115497759294,2.0446929677955343,1.0390027568546503,2.1510931539925555,1.8143288659105838,6.1550759774082655,0.9458147676577204,2.79892205363872,1.3890898973520702,1.772345828882273,2.483210286858912,1.385136683652244,1.0025131294595422,1.4263074992236546,2.418378578209383,1.355749353855625,1.6032757244961948,3.858613497537155,0.804173322745427,3.942251044895235,2.633939424094539,2.952415338129964,1.2483548194220762,2.818132577155184,1.3963671158896247,1.3475832364243197,2.2630373430321447,2.568851891845601,1.940848925640457,2.018626429182853,9.66097623338975,2.482414449623981,1.026303283749016,2.246174057867958,15.239897068464039,1.474884852949399,0.5013432116031269,1.6675254136153512,2.962391763396257,2.9155548376491116,1.8241842005427917,1.0964716463442752,4.146916954132746,5.684266338407226,0.4370539874874431,1.8311325699475283,1.2421282692390014,2.15948427390183,1.481333545934148,7.851300155980399,2.175620202243879,2.159128638282545,3.466431781672298,4.604919736892943,2.697690879460895,2.3784944965926695,4.148906205595852,1.273008677656608,2.603030506940799,2.96208271212846,7.788931483261278,0.7820663815382238,5.954720195289549,2.180721615913051,1.1672815885095429,1.7167712655963554,2.49372542140221,0.3009521882150837,3.579567355503081,1.7418624610957647,1.1107741734037497,1.7132722448929527,0.5737359844133681,0.5234591242522525,1.4542257081155416,5.803907486804726,0.9673285569045279,3.9438464775177398,1.149620442710379,11.091009122431954,0.5541851444545922,1.9766924625750428,0.8253444548958896,1.8028723872319157,3.2094149476315645,1.7351472411345494,6.146160527527885,2.2532374574854432,1.0823723297048846,1.5430633723799554,2.7106074426460998
28,1.3742100498974839,1.5608255912936344,6.167194468016292,2.186742719680305,0.6239996400399637,0.9130538981681552,1.3573947653089753,3.8274242654038964,4.38809327605465,1.8835231294784072,1.7827941288582128,1.081048260754797,2.1823523023680678,2.0668179754107636,8.088504490451403,0.8299657724573969,3.603699380544693,1.5356439146381842,1.650833966776997,2.0910358272408205,1.0568385870145933,1.1160118691966205,1.3655459530877263,2.404420709183681,1.1677281818629486,1.7606684511030517,3.865590516728718,0.8685161668052936,3.232764993258269,2.181110480915979,4.107808826086904,1.5373584452075542,2.9315287459606583,1.4504244941124502,1.1684328669873492,2.6162135235080703,2.8454051359536368,1.9588863855695204,1.8463692652140444,6.966855368363112,2.73092762844062,0.890291211202419,2.8455534701094463,16.722694000090957,1.4737894685621615,0.5426675038333569,1.671143023459355,3.2544576075772995,3.2208854340728292,2.2403779131872827,0.9122529243212435,4.322483775689468,5.555748615360278,0.527899174175425,1.9802949799198009,1.3053669203192917,1.984362998246811,1.0996712937078548,8.973656389524672,2.8286891932622575,2.315533361181426,3.5221779339509482,4.7708180639062645,3.127244053617116,2.86318041908924,4.305736904482716,1.097121404173658,2.8725700937052725,2.8693538869914255,7.064249768834857,0.6977907386079476,6.253813812081958,2.149430252213673,1.2755840632185076,1.6079754860091378,3.2487165135740326,0.3591426459199435,4.66364051771972,2.117601734395196,1.2634713503201538,1.4776411879752396,0.5543943818666625,0.44049797355535947,1.2355300434039909,5.59430942009247,1.103716980660468,4.518643212394651,1.5509236695322932,11.349995983844693,0.5912223019485059,2.396715588213013,1.108928982538055,2.0324142996372667,2.916897292723481,1.6848433438076402,4.502105293944114,2.070925738247012,0.9334246013422126,1.4071250640603976,2.687796396158334
29,1.115513000696309,1.5520397881436159,8.442450318700407,2.5230768369119523,0.4124833918329097,0.9342593218100314,1.5635324283166112,3.6260729113391754,5.206112479661066,2.1294084645395044,1.2129536357009154,0.8399686289727002,2.5311871306547635,2.16646919448506,8.388650075862323,0.9900958292513458,2.8943460074219622,1.5888589589102453,1.9812004004270205,2.890055693998245,0.7998881085258838,1.1178047237672553,1.2537770872399345,2.246492522537884,1.065009332801846,1.86122257715448,3.9449636095266882,0.9920752941526413,3.6075397780770606,2.620921560100303,5.269088905673654,1.5532755830510443,2.9326384258224176,1.3784290995895225,1.2169178139623127,3.201991473983949,2.8445890642726894,1.8602131796180166,1.6103353734161254,8.524200306156937,3.615016579223357,1.055864224399365,2.897403812863551,20.009919166466577,1.6814465527907674,0.5977805255365338,1.918652391354777,2.404994067461604,3.6783118002481126,2.3301087541010674,1.119213083890708,4.489763152997268,5.324986127813634,0.6604746926241856,2.358180606593032,1.3436869075255036,1.8121536894738437,1.3092371162013545,9.259595575053657,3.1630863017215463,2.6118421034875783,4.338929197624414,5.452659801509483,3.0578467288083533,2.474125768339969,4.806118904092792,1.0635945856419944,3.8827373906025566,2.6915302845552413,8.037090011484349,0.8395986655317489,5.6233237720485,1.7428869843328594,1.5474163621040995,1.745885376016643,3.686460116182457,0.2927630978613688,4.737510114162603,2.1967862356260643,1.4136587052719598,1.4610074349590185,0.6109382323192624,0.430436304250571,1.10232710996525,4.865490475324258,1.0936259911590196,4.618549414999896,1.305912701031346,11.704790091893837,0.5422433321036214,2.214942067634953,1.036499186199311,2.1843651913850666,3.194674848622909,1.4347060172062973,4.583702952086298,1.7829029038022888,1.1588083090669092,1.6033308405770672,2.030900958442878
30,1.36133925177615,1.6135357871318556,9.782769052987891,2.6230613127534226,0.4527295552475659,1.156142341726634,1.4426192203723578,3.933136354580573,4.77701846305807,2.429096100126738,1.5218578623472743,0.9380903820893675,2.294195590488977,2.108293253395087,8.354207368606193,0.8516543710282864,3.616596105412548,1.5364078808072923,1.437048640536453,3.04867606130521,1.0526198674615894,0.914329794116716,1.2597943559619054,2.374399604908762,1.1452683256018732,2.5213998977865977,5.117012833098944,1.1178624442382572,3.3576539422770315,3.199780529749185,6.343982693190201,1.6367661455939264,3.4496082776057553,1.2953804325956795,1.2263070091526616,3.4587143890964502,2.3027718104917954,2.14078287382212,1.8946319423949456,8.50203296378992,3.190186296911541,1.0588270663295978,3.3498389454797506,20.232326750410337,1.45165813673363,0.6926062674965773,2.3639508005109526,2.3701331857659986,3.062799853136739,2.6861605361658882,1.1463830398111527,4.704705977025791,6.022974842504142,0.7244657892814084,2.697632472739352,1.228577765465145,1.962340578957858,1.491817650092687,9.33970541170798,3.361814464741501,2.8317668322132863,4.485392532009588,5.7037048849372205,3.176137501342539,2.7248613123195,5.524777764828904,1.1691123899139526,4.000715609966013,3.0745940380484793,9.254573717676015,0.8008433891711404,5.579472740594162,1.7022251078765107,1.8262926122507892,1.5155710545889058,3.897763872747478,0.372660364613037,4.824931390087478,2.0947296183005935,1.4270136093081232,0.8188049017861188,0.49925866796841223,0.33204654981432746,1.0165349289732541,4.098315030872482,1.285623643798031,4.678967526705957,1.351652120511486,11.279895504304372,0.6244417746654969,2.431984934684553,1.3344858012142449,2.4310371344451007,3.1977926106741092,1.6534041632729415,3.4622219889549455,2.207400553571311,1.227427268699962,1.4977442200538433,2.1543112535749005
